platform,keyword,title,content,sentiment,publish_time,url,crawl_time
新浪财经,iPhone 17 续航,2026学生季最值得购买的苹果手机 - 新浪财经,2026学生季最值得购买的苹果手机 新浪财经,中性,2026-06-02,https://news.google.com/rss/articles/CBMifkFVX3lxTFBHRk4wekhkN3VQcENDOGtqRmRYZ2ZiYW9CU0U3T21zMVpKTl80Tk9aMl9WWWlmcDhJSUM0MS1GdTNuZUxNbmE1RjF6NzBXZHJtal92M2hqQWlublp5dFc2dUo0ZW0xYkxGUEtUU3JvdEt3WWU0elRCZzhPLTJkZw?oc=5,2026-06-28 17:09:37
36氪,iPhone 17 续航,用iPhone Air三个月体验：续航表现出色，游戏用户慎选！ - 36氪,用iPhone Air三个月体验：续航表现出色，游戏用户慎选！ 36氪,中性,2026-04-08,https://news.google.com/rss/articles/CBMiU0FVX3lxTE9rMFMtNjZkZlhXZnhMS3JuWWlEcHZsMEtWbS1jQm81amVlY3lmUFdPbGNjaWI1d1RuNW5ZZml1emRUS0lyTUlLZnlXNXBLcUl3WnBV?oc=5,2026-06-28 17:09:37
凤凰网,iPhone 17 续航,iPhone 17系列首发评测：标准版太香了，显得Pro不强了？ ｜ 凰家评测 - 凤凰网,iPhone 17系列首发评测：标准版太香了，显得Pro不强了？ ｜ 凰家评测 凤凰网,正面,2025-09-17,https://news.google.com/rss/articles/CBMiT0FVX3lxTE5GMjRmSGtYTlFBUHFrd3ZYVEd3VUgwSGIxbDhqUkFrb2RlaDZJa3QySWJUclp5RHZETF9kb3c1dWRDRGhoTjN2bl9wMzdnd3M?oc=5,2026-06-28 17:09:37
antutu.com,iPhone 17 续航,3月iOS设备好评榜：iPhone 17 Pro Max被嫌弃_月度榜单_安兔兔 - antutu.com,3月iOS设备好评榜：iPhone 17 Pro Max被嫌弃_月度榜单_安兔兔 antutu.com,中性,2026-04-01,https://news.google.com/rss/articles/CBMiTkFVX3lxTE1qdUhmRUhQMFNCRHNXWHFmSFhrWjYwRTdMTHBBUTRjSFl3bi1uOF9FbDEwSkdNTUVwMW9tQXJTeU5zVmhDY25peTIwQTl6Zw?oc=5,2026-06-28 17:09:37
中关村在线,iPhone 17 续航,高性能小屏旗舰怎么选？2026三大热门机型横评：一加15T、iPhone 17、小米17 - 中关村在线,高性能小屏旗舰怎么选？2026三大热门机型横评：一加15T、iPhone 17、小米17 中关村在线,中性,2026-06-09,https://news.google.com/rss/articles/CBMiV0FVX3lxTE9paEVreWtxUHJUcWdGazRScmU2a2luRDAtdTNJLVFKMEc0aWJmSi1Rd1hVenpRdGZIYTRDQWRwY2dxN3c3RGJHa1NnYU52TkRFcVFjaTl1NA?oc=5,2026-06-28 17:09:37
爱范儿,iPhone 17 续航,iPhone Air 港版评测：瘸腿是真瘸腿，好看也是真好看 - 爱范儿,iPhone Air 港版评测：瘸腿是真瘸腿，好看也是真好看 爱范儿,中性,2025-10-18,https://news.google.com/rss/articles/CBMiQ0FVX3lxTE5KcUxTQlVMVTE2Ui1fOHluY3hSZ0tLQWxFM0NfNDZBZmRSQlNaeGVKQk5PNGk2a3JhTU9tbnphSGlWbk0?oc=5,2026-06-28 17:09:37
动点科技,iPhone 17 续航,很喜欢iPhone 17，但我不想买 - 动点科技,很喜欢iPhone 17，但我不想买 动点科技,中性,2025-09-10,https://news.google.com/rss/articles/CBMiaEFVX3lxTE44MjJyVlE3WGw4SEcxcnA2cEZ1Rzc1d0xrQk91NUxVYlFjc2ZyUzQ2RU9SR0pMbWRQLWVzdmYzN2hwdUk4akdmelZfYnNDMzNZSm5XTVZpNzFILVBLWWJRbmNYT2dPNWND?oc=5,2026-06-28 17:09:37
华尔街日报中文网,iPhone 17 续航,iPhone Air初评测：为纤薄做出的牺牲是否值得呢？ - 华尔街日报中文网,iPhone Air初评测：为纤薄做出的牺牲是否值得呢？ 华尔街日报中文网,中性,2025-09-10,https://news.google.com/rss/articles/CBMiekFVX3lxTE1HcDZnM01sS1Q4Z2pNZnI0dkVzQkpTS18zTGxSLURwUFFZZnVFMVFhVzVkXzdneFpIMk8xaE1nUTRUQmlUWG84OWtEeHFmSWRuWG5WSGJkZ0ozbUtjS2c1M2VKWHpBWmJLcjZMcDNYMmZSRDN1LVRvVWpn?oc=5,2026-06-28 17:09:37
维科号,iPhone 17 续航,知错就改？iPhone 17e被曝重点升级续航，售价也会有惊喜！ - 维科号,知错就改？iPhone 17e被曝重点升级续航，售价也会有惊喜！ 维科号,中性,2025-11-24,https://news.google.com/rss/articles/CBMiVEFVX3lxTFBrcThob0tEbG5sZ0N5ZEd0aGFuTXV3Y1BiSnRaU1FabnZhamNBZzRoSnZEcTNra0ZNeE1UZzFmTXA5cXp3UGNPbXIxRVlDMzZFT3ZmZA?oc=5,2026-06-28 17:09:37
中华网,iPhone 17 续航,苹果用户充电难题破解！绿联MFi认证充电宝成口碑首选 - 中华网,苹果用户充电难题破解！绿联MFi认证充电宝成口碑首选 中华网,中性,2026-05-13,https://news.google.com/rss/articles/CBMicEFVX3lxTE9zNkZZcWR5YV91WDNYSjBhbHk5U2Q2emdpYWY2SDctMHJnV1BTdS0yalJ3dUloakwxZFR4ZkNZLXF6OWc1V1FlLXFWdllMZURCWVpYeWhYRGx0SkZyVEJ1X1lCNnpydVVtYkFZMHo2QUE?oc=5,2026-06-28 17:09:37
爱范儿,iPhone 17 发热,iPhone 17 系列首发评测：你这是典型的「安卓」iPhone - 爱范儿,iPhone 17 系列首发评测：你这是典型的「安卓」iPhone 爱范儿,中性,2025-09-17,https://news.google.com/rss/articles/CBMiQ0FVX3lxTE5zaHd0eklaeUtrR01jQk9PbXBZWjNabWdibktSWk1KWlF3bHJjQVlseDVBR0xyU2FOM2FRNHFvakdkVW8?oc=5,2026-06-28 17:09:42
36氪,iPhone 17 发热,深度体验iPhone 17 Pro：外观之外的惊人变化大揭秘！ - 36氪,深度体验iPhone 17 Pro：外观之外的惊人变化大揭秘！ 36氪,中性,2025-10-02,https://news.google.com/rss/articles/CBMiU0FVX3lxTE5zWWlrT0VwZjlBckRBZklsUjUzOHBmSGdkWE5jZWxsY1RNS2w1Zm1wb3J5T1NRRzhJUWpzQV9McTRDRXFXWlNfQUR6b3R4dTItbVl3?oc=5,2026-06-28 17:09:42
新浪财经,iPhone 17 发热,iPhone 17 Pro散热大幅改进！但依旧远远落后于安卓 - 新浪财经,iPhone 17 Pro散热大幅改进！但依旧远远落后于安卓 新浪财经,中性,2025-09-19,https://news.google.com/rss/articles/CBMifEFVX3lxTE0yaVF2LXQ3MVJUcW9SWDkwZnByWDN3dkEyLXd6bmFiT0FhRmtZUGxfVVpfTk1fZmZEVW1hdWZPQ3lTV1JWNzVGcmpFc2c4UzkzbFZCZnI3cHhjWm1Janh4cjRrejhBNjlHWEphZE1NUTF2eXdXemV4MkVHaUQ?oc=5,2026-06-28 17:09:42
驱动之家,iPhone 17 发热,王自如：iPhone 17发售旧机发热是惯例 或与系统升级有关 - 驱动之家,王自如：iPhone 17发售旧机发热是惯例 或与系统升级有关 驱动之家,负面,2025-09-18,https://news.google.com/rss/articles/CBMiWEFVX3lxTE9kV3E5dUxlb3NCWUFBUDVWNU5VWUVNcno5WnhTTUdsaTk2S1g4LWZmcTNiOGJTTl96T0lRSHMzdGNjZmtacGVVZXB6bVktMjhMZFJ1RklKNk0?oc=5,2026-06-28 17:09:42
新浪财经,iPhone 17 发热,更新iOS 26后手机现掉电快及发热现象，苹果首次主动作出解释 - 新浪财经,更新iOS 26后手机现掉电快及发热现象，苹果首次主动作出解释 新浪财经,负面,2025-09-16,https://news.google.com/rss/articles/CBMickFVX3lxTE9aQmh5V2tPTEFCOXVSc3I5MTBpYUZoZjZUY0ZxZ1RXVlFtQVJLNXJJaEczUjlpV0ZJSU5fenB3VURnWU12c0I5WEt4d3c0ZzVmdWUyUUhweVZ2el9Vc0RQX1hfYV9ab1pUdGEwOUZPNVc1QQ?oc=5,2026-06-28 17:09:42
搜狐网,iPhone 17 发热,iOS 26.5正式版测评，机型实测差异大，新老iPhone升级究竟值不值 - 搜狐网,iOS 26.5正式版测评，机型实测差异大，新老iPhone升级究竟值不值 搜狐网,负面,2026-05-13,https://news.google.com/rss/articles/CBMiVkFVX3lxTFBkQ0l2NWxkVV9yeHFxZ0VxeUg5d1BXa0xubEU4XzIyZURPaE05Q2RJcDJ4dGRKVm1iaVZNUEhSU1p0cHpzOThiNE02anRGeW5DckNDWHVB?oc=5,2026-06-28 17:09:42
36氪,iPhone 17 发热,iPhone Air上手体验：苹果把手机打造成艺术品 - 36氪,iPhone Air上手体验：苹果把手机打造成艺术品 36氪,中性,2025-11-06,https://news.google.com/rss/articles/CBMiU0FVX3lxTE8wUHh5TzRzRl9GSVVnYkFTZkNZYnQ0cURtMHVyMG8zVkJ3SHdRdVNJWVNVWF9BUXZQU2dfT3JEUF9tQnFZR2UyMW5GWm40TjNlWVJN?oc=5,2026-06-28 17:09:42
news.qq.com,iPhone 17 发热,“王者”启动！苹果iPhone 15 Pro发热实测，bug修复了吗？ - news.qq.com,“王者”启动！苹果iPhone 15 Pro发热实测，bug修复了吗？ news.qq.com,负面,2023-10-13,https://news.google.com/rss/articles/CBMiVkFVX3lxTE1hN3lvbnhaRUNmYURpdi01dEY0Zkw2M0pPQlJFaHBweDRSbzdkQU1JVU0yV3ZFWW95UDJfWDBXb2plSEJrMm5mWm9VNEtPQm03N1F2VmF3?oc=5,2026-06-28 17:09:42
新浪财经,iPhone 17 发热,苹果iOS 26 Beta 2体验：新增20+项更新，卡顿发热有改善！ - 新浪财经,苹果iOS 26 Beta 2体验：新增20+项更新，卡顿发热有改善！ 新浪财经,负面,2025-06-25,https://news.google.com/rss/articles/CBMihAFBVV95cUxQZDBKczBkSlhoTVV6V0xkdF9LXzl3YjR3NlJzYjVYRnYwdjBybjVUZlhYYmN3SXZuTWZ6NG5ILXloYmFTYkxoQmctQnBFZHdJYUNLanIwY2RtOWpQWm5ycmxsN2tZYW5KcjVoNGtuSWNfUEJnc2RrcXg2anR6c18zQnZlOXU?oc=5,2026-06-28 17:09:42
news.qq.com,iPhone 17 发热,iPhone 15 Pro发热严重 只因苹果不重视散热 - news.qq.com,iPhone 15 Pro发热严重 只因苹果不重视散热 news.qq.com,负面,2023-09-27,https://news.google.com/rss/articles/CBMiVkFVX3lxTE1BYWdKb2ZGeVBmcVpKYXg2bENSY1FrS181eWlQcGhXcm5LanlYdkRIZ1NXTFFaeVRqOF9GMVREd3I4QXZsckRRaDJmcUFVT0JJU0YtMXBR?oc=5,2026-06-28 17:09:42
新浪财经,iPhone 17 Pro 拍照,测评结论：2026年苹果旗舰手机值得优先选购，体验提升35% - 新浪财经,测评结论：2026年苹果旗舰手机值得优先选购，体验提升35% 新浪财经,正面,2026-06-04,https://news.google.com/rss/articles/CBMihAFBVV95cUxPblIwOE13RFRfYlBnb3NYeEk5ZlR6YTZRTmRlQ2JyNUlyTnJXaXlQWHZsU29XR1dkZ2ctcUdlSTljYVUwcks1RWtscWVJM0t0NGVCblJjLVhEb0tldURQa3A4d2Q3OTBSNHRfbTRMckNRVXA3clFlSFdrbW9RdE92M0NKVHU?oc=5,2026-06-28 17:09:47
太平洋科技,iPhone 17 Pro 拍照,iPhone 18 Pro相机键大精简！告别华而不实，回归纯粹拍摄体验 - 太平洋科技,iPhone 18 Pro相机键大精简！告别华而不实，回归纯粹拍摄体验 太平洋科技,中性,2026-04-10,https://news.google.com/rss/articles/CBMiXkFVX3lxTE9GYWtyYWxveHpicEVYX29oUUZ4ZmJqT1I4OU41bVdQSXFzTkowcHZMeFdsNkZlVnVsSm5MNzJyQ0VoaUU0dGdYbDF6SFFfdlN2Y2E1VXBsMGxJS1ppaEE?oc=5,2026-06-28 17:09:47
维科号,iPhone 17 Pro 拍照,「外挂镜头」成为新趋势：国产手机影像方案，正在被iPhone效仿？ - 维科号,「外挂镜头」成为新趋势：国产手机影像方案，正在被iPhone效仿？ 维科号,中性,2026-02-03,https://news.google.com/rss/articles/CBMiVEFVX3lxTE9NUE1OWUlKSGNPTEozS09fOTl4RGp5SXkxSWduUGNDNUtXY0FWeGpRQjExejhPS1U3aEt0SWVhRFRSSkhWaWlzTjVzTWpldTRBX0JMOA?oc=5,2026-06-28 17:09:47
آي-فون إسلام,iPhone 17 Pro 拍照,我曾无比热爱它，却又放弃了它……我为什么放弃了 iPhone 17 Pro Max，转而回到过去？ - آي-فون إسلام,我曾无比热爱它，却又放弃了它……我为什么放弃了 iPhone 17 Pro Max，转而回到过去？ آي-فون إسلام,中性,2026-01-06,https://news.google.com/rss/articles/CBMi2gFBVV95cUxQdzIxaG9zT2E0d0h5SFVTeUVHZWVGUVV2Sno0bmRwQXlzSkpWMFplLU9KdlpSUnNPcWNjallNN3RYcmFkaUZfRWRjMUloZDhyazk1TWdrUDB1QUxuQ0ZoOWR4LVB4YmhrZ0d3bFFZZXdSbnpuWVpZa0phdlBkRVBjRUZXbDExb0J0RFAyZ1RNVWpUMzlLRS1ENl9vLVo2V3hjNEs5LUdjY1hrYnZyWlVCbEh5RzRlckRsa01tNE0tR2lyY2ZpeV9qa1hQTmtWNFJZSXRCeTVEbDdWUQ?oc=5,2026-06-28 17:09:47
17173,iPhone 17 Pro 拍照,iPhone 17/17 Pro体验对比 这3000我建议你别花 - 17173,iPhone 17/17 Pro体验对比 这3000我建议你别花 17173,中性,2025-10-02,https://news.google.com/rss/articles/CBMiZEFVX3lxTE1wVE9DbDFhZG95V0tHQXJkYTdSbjFrWlhYNmkyb2c3Z0xyY0g2Y085S3VfRjN6TmdVelRVTFQzQXlxckNoaXBlaUZVT2Y2Q3JsVHMybUs0N2hmWS01a1BxNURDWkY?oc=5,2026-06-28 17:09:47
آي-فون إسلام,iPhone 17 Pro 拍照,关于 iPhone 17 Pro 相机你需要知道的一切 - آي-فون إسلام,关于 iPhone 17 Pro 相机你需要知道的一切 آي-فون إسلام,中性,2025-09-19,https://news.google.com/rss/articles/CBMipwFBVV95cUxOWlByUEo0QTlseXAtZVFPTmREVFRTa3Azb0F2ZXhVbV9Qc0JsWjlQNjZHUWNGdjMtQW42cEJ2UnpGeXNPMzJ1cm9uaWxITUF0eF82LVhuaW1CNUFaRUItZ1NKbHZNXzdZclBzdXBTTDVtX2JLQTVEMlc1VGNUUDQyWERZdmNTOUdmOTM3cy1palp0Z0dzbFhzaHhBRmFBSm9PUWJXZ1lXMA?oc=5,2026-06-28 17:09:47
新浪财经,iPhone 17 Pro Max 信号,苹果iPhone 17 Pro Max手机的缺点有哪些？ - 新浪财经,苹果iPhone 17 Pro Max手机的缺点有哪些？ 新浪财经,中性,2026-06-27,https://news.google.com/rss/articles/CBMihAFBVV95cUxNWVJBOVg5LTIwVUlNXzVfUnpOV0JiaUIwQXI5aXVjd1JuMm96Z25vUzViN3BEV0tXeE9pUGNZZTRkRG1ZWlhlM2xNWm1DQjNnZGRYQXNhOHdBQXk1YTBWQzRSY255eHExc3VOYllNSGp4TVdGTDhUMFpHM0Z3SzltcFJ4YlE?oc=5,2026-06-28 17:09:52
搜狐网,iPhone 17 Pro Max 信号,苹果不是要涨价吗？iPhone 17 Pro Max突然大降价，有点看不懂了 - 搜狐网,苹果不是要涨价吗？iPhone 17 Pro Max突然大降价，有点看不懂了 搜狐网,中性,2026-06-23,https://news.google.com/rss/articles/CBMijAFBVV95cUxOUDc2ejBtZXcwSnhleVZaaEtQMnhkMS1UNmhiSWFjX3E3dm1MODJGcXpOUy0tWFdMNkNDUm93RnNwWFdkaDdlNWFCTlBVWXBHQlRFNU1EQjNrWUQ5MWhkUDlWaDZOZzI0Z1d0ZTdtSEUyZXFPV19xZkVfXzRrYnZsQ3VHWGZ5UjBxN0I4VQ?oc=5,2026-06-28 17:09:52
中关村在线,iPhone 17 Pro Max 信号,iPhone 18 Pro Max真机长这样？曝光配置抢先看 - 中关村在线,iPhone 18 Pro Max真机长这样？曝光配置抢先看 中关村在线,中性,2026-06-18,https://news.google.com/rss/articles/CBMiV0FVX3lxTFB1eDd5VFk5T3dmUXpfb3NYSnZnMkN2Tk5fT0ljTU9RZnptTVVWOE4xS1V0cUxyV1U3M0lDeGtKYVJ4UmlBVUNteVdPNEVDRzJEbVFxZmJuRQ?oc=5,2026-06-28 17:09:52
新浪财经,iPhone 17 Pro Max 信号,iPhone 17 Pro Max改用自研C1基带后，信号表现相比之前提升了多少？ - 新浪财经,iPhone 17 Pro Max改用自研C1基带后，信号表现相比之前提升了多少？ 新浪财经,正面,2026-06-23,https://news.google.com/rss/articles/CBMihAFBVV95cUxNNERfTV9yYVA3WUNZVmVFakowMFoxTF9fNUtBVXVDcXpQS3RrWXBZbnBxMDd6SVdlTV84ZDBqRjNLeC1EcFl2ZW9OR0ZFaTdPb2RTbWNGZVdjNFRIb09xbFRLa2UxUmRpZjJOOUFnS2dVRks4Y2lNalFkd3RMVTZrX2FuRHg?oc=5,2026-06-28 17:09:52
news.qq.com,iPhone 17 Pro Max 信号,苹果 iOS 27 升级 AirPods 体验：Siri AI、心率同步、精准查找等 - news.qq.com,苹果 iOS 27 升级 AirPods 体验：Siri AI、心率同步、精准查找等 news.qq.com,中性,2026-06-18,https://news.google.com/rss/articles/CBMiVkFVX3lxTE9zT3A4QW14MWh4QmlXRC16emxoc2t4cTJ2MDJ3Sjh1ZEZ0c1RLQnpobEpkck1EeEN4Uy00YnpKWlBwQWE0SDlPUU5PU3pHenlHMDREaEln?oc=5,2026-06-28 17:09:52
投中,iPhone 17 Pro Max 信号,iPhone 17“大冒险”：史上最薄、AI缺席，果粉买单吗？ - 投中,iPhone 17“大冒险”：史上最薄、AI缺席，果粉买单吗？ 投中,中性,2025-09-10,https://news.google.com/rss/articles/CBMiakFVX3lxTFBtZ2Z3RUZpb3poREZ6QVE2YTduNG9tTlpyZlEtMmNXclZvSzhJWXlIaVVYRHZGenVPM3pwSlZpaW01WVd4TmwxZUtMQjl5aEZIcUNWYnNNemcwVlViOEVock5nWDhGUjBqVXc?oc=5,2026-06-28 17:09:52
爱范儿,iPhone 17 Pro Max 信号,iPhone 17，会成为新一代钉子户吗？｜选购指南 - 爱范儿,iPhone 17，会成为新一代钉子户吗？｜选购指南 爱范儿,中性,2025-09-15,https://news.google.com/rss/articles/CBMiQ0FVX3lxTFBmc05MU0kzcTFMd21UVkwyYjRBZjVxalE4V2dmNmpZRDlHOHJPNC1oY25HdGNETEhvczlEdnh0M1oybkE?oc=5,2026-06-28 17:09:52
17173,iPhone 17 Pro Max 信号,手上的苹果17不香了 iPhone 18系列终极汇总 - 17173,手上的苹果17不香了 iPhone 18系列终极汇总 17173,中性,2026-06-12,https://news.google.com/rss/articles/CBMiZEFVX3lxTE9hcEsxMnQ5bUxRaGU1ZzI5ajc5ZnhpcjdRY212MlZTOUhPaGZNZ1JZYmtJcnl3UVk1SVJVaXIyZ2V0MFJNYjJkVWRwVlltMzFCd0FnWW42UkhoWDNJTlU2NDRzMlI?oc=5,2026-06-28 17:09:52
搜狐网,iPhone 17 Pro Max 信号,iPhone 18 Pro首发自研C2基带：根治信号顽疾 高通被踢出果链 - 搜狐网,iPhone 18 Pro首发自研C2基带：根治信号顽疾 高通被踢出果链 搜狐网,中性,2026-06-09,https://news.google.com/rss/articles/CBMiUkFVX3lxTE9JSXE2Z2tFSlRzc1E1NC10a3l6dmRZNEozblY4Q04tNVEwV2dYdFM2b0gwYnZ2UDZEd2kxeGhyVmVzU25CQ1pZLVVOeGhxTmF5YVE?oc=5,2026-06-28 17:09:52
新浪财经,iPhone 17 Air 手感,时隔三年用回iPhone：iOS依然丝滑，但不再断代领先安卓旗舰 - 新浪财经,时隔三年用回iPhone：iOS依然丝滑，但不再断代领先安卓旗舰 新浪财经,中性,2026-06-25,https://news.google.com/rss/articles/CBMi2ARBVV95cUxQMUhQcG1WOG9GNVlCbmpkdjFaeFg3bVVSb2Q3LXNRQ1V3S1JXU0t6S3ZVRlI0WTBTUXhYdjFqU2l6TUJveThHWWVleFh2YWtZNV9meGxMZXdHUUsyWlpjamF1eDlOQ0pCalAxX1pZdng5VlNzOHpnUUN1MlpkMXYxZ3FPbE91UGhRYVdPazVKT01sUG1lci1uUkNlSGxnN1J0TjRXOXFZRUtseUVHU3p3YnI3VVhFWVNMSXB5bkh2R2p6RUZ3M0ZsZ2J3N1pYa0JQbHB0MDJTYkhob0JndzVDbDV3UDZzcDlnNXZPQzdPejBNczEtMlFqdFBHWldBWDN4RlNsWkxEeW5OekFwaDltczQteERoMzI4cl9nZ0JQN1BnbmJYQWJPQWtjdGdteHk5RXhLazdDUXBRT3FTbEtaQTBTU2cyTmNNQjJIR19GTkI1SG5rdGVwX2NtV2t4NER2djczRU1RN29Ja3lhdDI5SnRud0FXUFV0WDNCUDMwSE5PYThvZ05wbWN2OTFRTjBBWC1jX2VEX3ZLMzNScm1vVEdRcm1KMXE3WlU0Vnk1dFQ0VlhfeXh0XzNQNzlOZHZnM0tWdnlGSkxTdXkyVnNLYmh2dk5sS0gyQ1JUVzg2WXlJTWtyS1lITzEyNEFEdEtyODVBdGRtbFJZZVphRXBVWFMwRE1mcjhhdmFodXZvMEhuWDVjNVdpQy1XZ19mM1JhNDJNbWpOYklpNjE5X21QUTBLM09RX2wxTzlqU1l3ck1MQkhuXzJtZmVEX3Rhd2FzdFBJb0ZkeXY?oc=5,2026-06-28 17:09:57
中关村在线,iPhone 17 Air 手感,iPhone Air真香 但我还是想劝你等国产 - 中关村在线,iPhone Air真香 但我还是想劝你等国产 中关村在线,中性,2025-09-10,https://news.google.com/rss/articles/CBMiV0FVX3lxTE5mODRKS0MzZU1aUGd4QXlOcmVrZ0s0RUV0Yi1hbnRPQ1dGMzBHOHhaeUFqSjFmZHBmWU93QmFTOFNOSlVscVl1V0RUOGVqOXphOU1yZGp3WQ?oc=5,2026-06-28 17:09:57
驱动之家,iPhone 17 Air 手感,iPhone Air卖不动了！杭州部分经销商降价100元开售：黑、白配色均“破发” - 驱动之家,iPhone Air卖不动了！杭州部分经销商降价100元开售：黑、白配色均“破发” 驱动之家,中性,2025-10-26,https://news.google.com/rss/articles/CBMiWEFVX3lxTFBqaG1NbDJGb0w2RzdEOU1kY3lEU0pPYXB5cXpFRVRTdWN0bzVRQzhhOU5KNVc5ZnZWbUJCNXd3VXlrLU0wcUVsYzVqQ1RqQ3lUMVBacTctM3I?oc=5,2026-06-28 17:09:57
news.qq.com,iPhone 17 Air 手感,iPhone Air零售版全面评测 美丽小废物 - news.qq.com,iPhone Air零售版全面评测 美丽小废物 news.qq.com,中性,2025-10-25,https://news.google.com/rss/articles/CBMiVkFVX3lxTE04NS02UDU0ZmZJSm1IcUxiY0ROTndsSG1qbU56aUVPSHdKYk5XMzVjdXNhQktubVpPYzNBOFVobG94QmluVGR2ZWR6ZzU1RUIxaHVEcE5R?oc=5,2026-06-28 17:09:57
维科号,iPhone 17 Air 手感,史上最轻最薄iPhone？17 Air曝光：真香or智商税？ - 维科号,史上最轻最薄iPhone？17 Air曝光：真香or智商税？ 维科号,中性,2025-07-18,https://news.google.com/rss/articles/CBMiT0FVX3lxTE5xMU9paGxjQzJYaTFSSlJLOFdXdGU3TTRXdXFNcnZUcDhScFJQV1VaVU9Rd0JsSVpDckQzc1I2SG9MZ2hnM2JwSXhKWm15VzA?oc=5,2026-06-28 17:09:57
华人头条,iPhone 17 Air 手感,必看！9月12日上市！新加坡苹果17购机全攻略，看看哪一款最值得买！_福建_新闻 - 华人头条,必看！9月12日上市！新加坡苹果17购机全攻略，看看哪一款最值得买！_福建_新闻 华人头条,中性,2025-09-11,https://news.google.com/rss/articles/CBMiXkFVX3lxTE50RU8tbU5sbXpjNUcyRlU5RklRWVNGNWdUSVJUaVU5R0EzUWZlNHZtQjZjOGJFdDhwNml5RmEybF92WTFNeTBiT1owczM3RERoeXRKb2FlTWpFXzBfZUE?oc=5,2026-06-28 17:09:57
爱范儿,iPhone 17 Air 手感,拆解新 iPhone 的「高原」设计，以及「可替换电池」的线索 - 爱范儿,拆解新 iPhone 的「高原」设计，以及「可替换电池」的线索 爱范儿,中性,2025-09-27,https://news.google.com/rss/articles/CBMiQ0FVX3lxTE45RFl3Z2xqTDVkakplYVljbnVDajVnTDgzX0VkUndwMEFGNlNqT2FxV21rbzdxUFFSQVdOLUE3cFQtWWc?oc=5,2026-06-28 17:09:57
